id,title,label,filtered_words
R129,New Report on Election,REAL,morning southern drop step building campaign. top international economy choose. really section audience culture majority idea. experts discuss ongoing developments election.
R227,New Report on Climate Change,REAL,market easy star. different gas audience act car successful. experts discuss ongoing developments climate change.
F231,Aliens Confirmed by Sources,FAKE,able compare property indeed action company occur. run seat traditional. color improve feeling. — shocking claims aliens surface internet.
R066,New Report on Policy,REAL,call perform investment result health. box society end nice walk. experts discuss ongoing developments policy.
F095,Mind Control Confirmed by Sources,FAKE,manage begin officer. number practice simply positive force whatever behavior. — shocking claims mind control surface internet.
R174,New Report on Policy,REAL,true together drug. morning society sense everybody know admit them. bit probably act fall part notice. experts discuss ongoing developments policy.
R201,New Report on Public Health,REAL,test information sometimes pick figure rise. meeting common office practice new stuff. experts discuss ongoing developments public health.
R072,New Report on Education,REAL,table fact one even. quickly toward choose mean institution. experts discuss ongoing developments education.
R064,New Report on Research,REAL,south poor physical issue bag leg. point cover current difference assume manager ok computer. occur year well business. experts discuss ongoing developments research.
F037,Miracle Drug Confirmed by Sources,FAKE,others senior somebody save meet. country hospital technology member become. reflect number current night civil staff. — shocking claims miracle drug surface internet.
R170,New Report on Technology Breakthrough,REAL,mean get american son. add best arm item worry surface. experts discuss ongoing developments technology breakthrough.
F110,Celebrity Scandal Confirmed by Sources,FAKE,suffer painting include return since fast great worry. book explain. according society price necessary future edge others. — shocking claims celebrity scandal surface internet.
F048,Secret Cure Confirmed by Sources,FAKE,third cut series friend. able rate lead know late lead. capital performance ground action baby share. — shocking claims secret cure surface internet.
F082,Hoax Confirmed by Sources,FAKE,sister often last growth bad. someone billion president know. — shocking claims hoax surface internet.
F187,Miracle Drug Confirmed by Sources,FAKE,director economy join. house sound environmental of. probably cold open within. — shocking claims miracle drug surface internet.
F027,Miracle Drug Confirmed by Sources,FAKE,ball attention people mind property medical. long price pressure summer. hair career building list than. — shocking claims miracle drug surface internet.
F202,Hoax Confirmed by Sources,FAKE,mouth expect reality factor data skill. everything real plan. information quality trouble stuff during. budget page suffer ok father. — shocking claims hoax surface internet.
F197,Secret Cure Confirmed by Sources,FAKE,city message safe appear couple either election already. necessary south really avoid civil. — shocking claims secret cure surface internet.
R128,New Report on Climate Change,REAL,attorney tax watch challenge water note. article win popular green. experts discuss ongoing developments climate change.
F157,Government Cover-Up Confirmed by Sources,FAKE,accept war whose. prove minute charge other. one administration window thus. — shocking claims government cover-up surface internet.
F117,Hoax Confirmed by Sources,FAKE,increase size imagine as. — shocking claims hoax surface internet.
F173,Secret Cure Confirmed by Sources,FAKE,visit carry project around member reflect. artist statement floor. — shocking claims secret cure surface internet.
F024,Aliens Confirmed by Sources,FAKE,trade find agreement. image feel need suggest road. — shocking claims aliens surface internet.
F096,Celebrity Scandal Confirmed by Sources,FAKE,south part positive give full wall event white. foreign short open to. body explain need. — shocking claims celebrity scandal surface internet.
R247,New Report on Public Health,REAL,even issue party former police trip. us father provide board goal ago want themselves. specific relationship morning woman buy. experts discuss ongoing developments public health.
F226,Government Cover-Up Confirmed by Sources,FAKE,several evening indicate writer share message project. thing right budget teacher watch. — shocking claims government cover-up surface internet.
F100,Flat Earth Confirmed by Sources,FAKE,measure teach manage civil. box window good. mr watch much since race trade. — shocking claims flat earth surface internet.
F246,Government Cover-Up Confirmed by Sources,FAKE,defense everybody allow. ten program follow collection why. — shocking claims government cover-up surface internet.
F183,Aliens Confirmed by Sources,FAKE,image hit character level drop station computer. note group hit doctor share control fear. — shocking claims aliens surface internet.
R063,New Report on Policy,REAL,majority air network. left side thing throughout back goal lose east. accept task action certainly report model. experts discuss ongoing developments policy.
R005,New Report on Election,REAL,carry along democratic field card. west structure her. account notice live according top. experts discuss ongoing developments election.
R084,New Report on Election,REAL,still tend drug see represent. pick single go serious. experts discuss ongoing developments election.
R124,New Report on Education,REAL,final goal fill. science red throughout truth report issue nothing. former wear win. experts discuss ongoing developments education.
R118,New Report on Research,REAL,support guy guy. character bed wife. level theory policy kind focus admit. experts discuss ongoing developments research.
F001,Aliens Confirmed by Sources,FAKE,ok less five indicate season. mrs tree station authority. — shocking claims aliens surface internet.
F007,Immortal Jellyfish Confirmed by Sources,FAKE,tv court back agree owner popular baby. stock everything also sit fund court. story mind conference follow stock others. — shocking claims immortal jellyfish surface internet.
F046,Mind Control Confirmed by Sources,FAKE,explain reduce weight determine success measure. republican still decade fall challenge. generation cost front. serve front scientist word. — shocking claims mind control surface internet.
R103,New Report on Research,REAL,beautiful recognize many whether share own. investment cold million require between. billion prepare. try want source chair else. experts discuss ongoing developments research.
R037,New Report on Budget Report,REAL,agency mr expert usually soon land certain. natural plant behind career. blood behavior citizen however. experts discuss ongoing developments budget report.
F193,Secret Cure Confirmed by Sources,FAKE,world feeling similar particularly suggest. success industry government later general father. heart within score state million never. — shocking claims secret cure surface internet.
R166,New Report on Election,REAL,kid religious culture law never nature. rule collection tough cold back section within that. experts discuss ongoing developments election.
F017,Immortal Jellyfish Confirmed by Sources,FAKE,church throughout night old project. — shocking claims immortal jellyfish surface internet.
R008,New Report on Economic Growth,REAL,try wear. experts discuss ongoing developments economic growth.
F071,Celebrity Scandal Confirmed by Sources,FAKE,send market dream. congress last development financial who. real suggest brother fall couple worker. — shocking claims celebrity scandal surface internet.
F028,Mind Control Confirmed by Sources,FAKE,mrs edge nearly begin increase. manager job seven. — shocking claims mind control surface internet.
F227,Immortal Jellyfish Confirmed by Sources,FAKE,drive several size student sort officer. campaign president sure accept. fill nothing manage rock. — shocking claims immortal jellyfish surface internet.
R200,New Report on Public Health,REAL,whole easy treatment. reflect stuff discussion. dark goal total security. experts discuss ongoing developments public health.
R225,New Report on Climate Change,REAL,want color. road agreement near. box tough popular test ever step try trial. experts discuss ongoing developments climate change.
R062,New Report on Budget Report,REAL,accept little rock tell green seven special. system oil represent possible yet woman level. return country north citizen car. experts discuss ongoing developments budget report.
F033,Hoax Confirmed by Sources,FAKE,little amount issue floor data strong. — shocking claims hoax surface internet.
F012,Hoax Confirmed by Sources,FAKE,receive rock travel. next generation act news. create specific indeed situation quite. — shocking claims hoax surface internet.
R121,New Report on Research,REAL,common thousand. take space movement. single describe per hair their. eat leave work five democratic decade call. experts discuss ongoing developments research.
F210,Aliens Confirmed by Sources,FAKE,minute history four. agency nothing poor what. either man air cold practice hundred. — shocking claims aliens surface internet.
F151,Hoax Confirmed by Sources,FAKE,peace remain reveal speak far consider. item budget improve air past. ground may government region ground. — shocking claims hoax surface internet.
F099,Secret Cure Confirmed by Sources,FAKE,treatment future cold case rock wait. activity without white anything oil quality mention form. — shocking claims secret cure surface internet.
R090,New Report on Technology Breakthrough,REAL,drug husband enter understand. national successful painting others civil how. experts discuss ongoing developments technology breakthrough.
R125,New Report on Budget Report,REAL,five population ever bag. traditional arrive goal activity fast. beat general health. experts discuss ongoing developments budget report.
R091,New Report on Climate Change,REAL,occur couple north around. back congress new dream shake. experts discuss ongoing developments climate change.
R157,New Report on Climate Change,REAL,pay successful least middle nation mission. enough friend maybe real source go. experts discuss ongoing developments climate change.
F098,Miracle Drug Confirmed by Sources,FAKE,best wonder space draw of. several five bar blue blue. head nation baby send understand. — shocking claims miracle drug surface internet.
F164,Immortal Jellyfish Confirmed by Sources,FAKE,identify group new free keep. occur represent knowledge speak cold. us become discover city opportunity organization citizen smile. — shocking claims immortal jellyfish surface internet.
R050,New Report on Economic Growth,REAL,son quickly arrive community similar skill up. behind reduce western place investment successful bag. probably thus claim along keep challenge character. experts discuss ongoing developments economic growth.
R249,New Report on Climate Change,REAL,agreement everything wide sport. figure member treatment view officer various forget. east military former democrat. experts discuss ongoing developments climate change.
R093,New Report on Election,REAL,recent movie modern others hear new. occur issue car hair. experts discuss ongoing developments election.
R131,New Report on Education,REAL,turn line character husband opportunity. analysis make worry town. interesting matter. experts discuss ongoing developments education.
F107,Flat Earth Confirmed by Sources,FAKE,include film medical recognize series. popular around push operation final fact. — shocking claims flat earth surface internet.
F153,Hoax Confirmed by Sources,FAKE,opportunity window effect claim man bed. small area character garden sort into. — shocking claims hoax surface internet.
F091,Flat Earth Confirmed by Sources,FAKE,father food method available. exactly benefit quite talk. — shocking claims flat earth surface internet.
R246,New Report on Economic Growth,REAL,window accept together group why. property value six impact. vote loss administration go smile. experts discuss ongoing developments economic growth.
F004,Secret Cure Confirmed by Sources,FAKE,writer doctor including interview public sure catch. either seat. six edge miss scientist though onto box. — shocking claims secret cure surface internet.
F220,Celebrity Scandal Confirmed by Sources,FAKE,figure project reason amount class. surface involve despite. wonder positive night old attention suffer. — shocking claims celebrity scandal surface internet.
F121,Hoax Confirmed by Sources,FAKE,national yeah agent keep bed claim. — shocking claims hoax surface internet.
F245,Mind Control Confirmed by Sources,FAKE,begin great west simply simply because. feeling stand word group together fight. — shocking claims mind control surface internet.
R035,New Report on Climate Change,REAL,author sell officer explain wonder type beat. really relationship executive miss. information trade sister brother. range hair law lead her. experts discuss ongoing developments climate change.
R024,New Report on Education,REAL,travel since peace station. garden open realize range onto low. experts discuss ongoing developments education.
F079,Miracle Drug Confirmed by Sources,FAKE,piece begin media popular eye. — shocking claims miracle drug surface internet.
R094,New Report on Policy,REAL,real ready factor. act president black rock trade. experts discuss ongoing developments policy.
R040,New Report on Policy,REAL,run bank weight skill care. nation expect involve interesting among national. experts discuss ongoing developments policy.
F170,Immortal Jellyfish Confirmed by Sources,FAKE,sit wide thought marriage stop almost black nothing. operation method bring state kind nation. cover bad window police feel start chair. — shocking claims immortal jellyfish surface internet.
F130,Immortal Jellyfish Confirmed by Sources,FAKE,animal seven coach radio catch expert. successful learn nor. — shocking claims immortal jellyfish surface internet.
R085,New Report on Economic Growth,REAL,number must result author week adult. week course imagine. experts discuss ongoing developments economic growth.
R054,New Report on Budget Report,REAL,kid along future law yeah. edge treatment surface factor some. push cut inside mother. experts discuss ongoing developments budget report.
R047,New Report on Technology Breakthrough,REAL,machine several certainly join seven. imagine price organization team. open suffer type together activity. low interview skin main change. experts discuss ongoing developments technology breakthrough.
R199,New Report on Economic Growth,REAL,expect whose full back work wide. similar stop age without. hair common. experts discuss ongoing developments economic growth.
F062,Miracle Drug Confirmed by Sources,FAKE,another traditional large size strategy. ball tax father apply glass. catch get prevent figure star yeah international. — shocking claims miracle drug surface internet.
R244,New Report on Technology Breakthrough,REAL,tell shoulder pass record exactly. soldier remain thousand family assume town guy hour. toward senior example tough. reason world improve table report. experts discuss ongoing developments technology breakthrough.
R107,New Report on Election,REAL,far something threat staff car baby source. pressure hard audience four. white statement structure. experts discuss ongoing developments election.
F148,Aliens Confirmed by Sources,FAKE,movie bed always member officer grow. real major relate style gas any. man goal east ability share security avoid star. approach back try it. — shocking claims aliens surface internet.
F023,Mind Control Confirmed by Sources,FAKE,trouble child despite soldier relationship newspaper again. — shocking claims mind control surface internet.
R075,New Report on Budget Report,REAL,forget goal item event mother action. write want hundred nation late job. century less. experts discuss ongoing developments budget report.
R220,New Report on Public Health,REAL,scientist good house baby national. place life human. factor attack although course first item. experts discuss ongoing developments public health.
R099,New Report on Economic Growth,REAL,try difference voice stay though. throughout evidence small respond ahead friend. experts discuss ongoing developments economic growth.
F066,Flat Earth Confirmed by Sources,FAKE,firm method. surface half technology travel rate pass. — shocking claims flat earth surface internet.
F060,Flat Earth Confirmed by Sources,FAKE,action major discuss play allow. defense benefit part story full. player boy become discover tonight security. — shocking claims flat earth surface internet.
F022,Government Cover-Up Confirmed by Sources,FAKE,interview clear huge possible field its. speak forward leave although. — shocking claims government cover-up surface internet.
F127,Mind Control Confirmed by Sources,FAKE,read box learn item. course opportunity subject. clear example large. — shocking claims mind control surface internet.
R212,New Report on Education,REAL,pull receive space federal card new. south cultural stand question city also story. experts discuss ongoing developments education.
F119,Mind Control Confirmed by Sources,FAKE,international section worry often. — shocking claims mind control surface internet.
F103,Hoax Confirmed by Sources,FAKE,general site actually gun within law. never material miss air international right away. — shocking claims hoax surface internet.
F191,Mind Control Confirmed by Sources,FAKE,art gun record five consumer stock white. administration notice simple reason focus. — shocking claims mind control surface internet.
F002,Mind Control Confirmed by Sources,FAKE,suggest top indeed interest use seek either. agent present respond bit process record. — shocking claims mind control surface internet.
R155,New Report on Election,REAL,save force yet gun gun from. option national wind list. card cell result everyone build man. experts discuss ongoing developments election.
R006,New Report on Technology Breakthrough,REAL,loss plan hold power however. case shoulder bring join identify dinner hundred. woman bank business. experts discuss ongoing developments technology breakthrough.
F086,Government Cover-Up Confirmed by Sources,FAKE,window choose start baby lot at. — shocking claims government cover-up surface internet.
R168,New Report on Election,REAL,pay social surface bill southern direction. mean win still song item congress. hold always couple. experts discuss ongoing developments election.
R077,New Report on Public Health,REAL,bar note kind fine side. might test follow travel growth rate choose reach. seat democratic fill bad common economy early. act among address idea. experts discuss ongoing developments public health.
F209,Hoax Confirmed by Sources,FAKE,wrong spend model hand site study he. fact change explain read star throughout. six approach daughter break specific size. — shocking claims hoax surface internet.
R236,New Report on Public Health,REAL,machine practice expect claim year. service office finally religious leave certainly wall study. room together agree mr. experts discuss ongoing developments public health.
F186,Aliens Confirmed by Sources,FAKE,process protect lose court. spring pattern apply art respond. pressure college turn receive international hand cultural. — shocking claims aliens surface internet.
R243,New Report on Public Health,REAL,even final police pressure. according tree beautiful open occur section dog. morning range hit condition. experts discuss ongoing developments public health.
F094,Immortal Jellyfish Confirmed by Sources,FAKE,read someone race personal day. fight rise nature kid. charge pass back mr movie. — shocking claims immortal jellyfish surface internet.
R032,New Report on Economic Growth,REAL,growth professional produce up. experts discuss ongoing developments economic growth.
R033,New Report on Education,REAL,seat trouble congress mrs side think. civil every direction role member make whose. week room fine community season. experts discuss ongoing developments education.
R045,New Report on Technology Breakthrough,REAL,north democrat present rule sense. one conference several reason though. experts discuss ongoing developments technology breakthrough.
R116,New Report on Education,REAL,future reach majority since. experts discuss ongoing developments education.
F056,Celebrity Scandal Confirmed by Sources,FAKE,green executive subject down. item accept believe town i. — shocking claims celebrity scandal surface internet.
R043,New Report on Policy,REAL,relationship research culture own. use information maybe degree suffer. experts discuss ongoing developments policy.
R145,New Report on Economic Growth,REAL,audience alone part call mother work yet. experts discuss ongoing developments economic growth.
F200,Secret Cure Confirmed by Sources,FAKE,idea agency realize later civil. artist movie rather car oil provide. moment feel network beautiful. democratic weight american job relationship. — shocking claims secret cure surface internet.
F034,Celebrity Scandal Confirmed by Sources,FAKE,education president agreement. various medical along history pressure. — shocking claims celebrity scandal surface internet.
F149,Secret Cure Confirmed by Sources,FAKE,girl let focus television. manage job national baby mission know. site spring ahead soldier let water. — shocking claims secret cure surface internet.
F051,Secret Cure Confirmed by Sources,FAKE,policy difference affect financial opportunity. long reality behind space arm watch economic. growth week majority large a. — shocking claims secret cure surface internet.
F089,Flat Earth Confirmed by Sources,FAKE,thought sister build price property. amount learn quite hope learn. — shocking claims flat earth surface internet.
F135,Flat Earth Confirmed by Sources,FAKE,arm feel imagine side. add necessary house fish not. discover include if. check size suggest ground evening animal maybe. — shocking claims flat earth surface internet.
F088,Government Cover-Up Confirmed by Sources,FAKE,reveal business key. board production suggest tough region magazine. rule financial game example. — shocking claims government cover-up surface internet.
R010,New Report on Election,REAL,agent way budget voice discuss western piece this. culture seek arrive site behavior pick three. experts discuss ongoing developments election.
R211,New Report on Policy,REAL,almost upon rise employee able alone hit. road yet stand least debate either. bag others never. experts discuss ongoing developments policy.
F204,Miracle Drug Confirmed by Sources,FAKE,walk serious environment low defense. resource past employee tell. suddenly financial note. war cultural partner. — shocking claims miracle drug surface internet.
F168,Miracle Drug Confirmed by Sources,FAKE,race reflect bank phone. determine matter tv concern. respond high range almost natural speech. — shocking claims miracle drug surface internet.
R011,New Report on Public Health,REAL,believe current water season. amount send contain stock success determine seat. experts discuss ongoing developments public health.
R232,New Report on Climate Change,REAL,research day near value level others. company show couple street three. experts discuss ongoing developments climate change.
R042,New Report on Public Health,REAL,anyone culture return reduce almost. whether rule. approach area decide performance. experts discuss ongoing developments public health.
F182,Hoax Confirmed by Sources,FAKE,black stay top itself. daughter baby future president. structure partner table citizen enter. — shocking claims hoax surface internet.
F036,Miracle Drug Confirmed by Sources,FAKE,treat push trade magazine admit occur discover. — shocking claims miracle drug surface internet.
F068,Secret Cure Confirmed by Sources,FAKE,significant happen fire. — shocking claims secret cure surface internet.
R015,New Report on Election,REAL,color opportunity off. outside great mind myself. along box behind main. experts discuss ongoing developments election.
R147,New Report on Climate Change,REAL,leg us single though. ready believe clearly knowledge. experts discuss ongoing developments climate change.
F198,Government Cover-Up Confirmed by Sources,FAKE,four three new president pm foreign. — shocking claims government cover-up surface internet.
R081,New Report on Climate Change,REAL,alone act indicate purpose positive national where. front picture enjoy surface. experts discuss ongoing developments climate change.
F050,Aliens Confirmed by Sources,FAKE,interesting discuss. fall drop local tonight score. — shocking claims aliens surface internet.
F162,Celebrity Scandal Confirmed by Sources,FAKE,win wait. recent summer million claim box international. direction product result. — shocking claims celebrity scandal surface internet.
R028,New Report on Technology Breakthrough,REAL,organization charge citizen wide. admit effort beautiful. experts discuss ongoing developments technology breakthrough.
R195,New Report on Budget Report,REAL,improve draw democratic inside prevent. reach card activity industry. begin agree field deal. experts discuss ongoing developments budget report.
F116,Aliens Confirmed by Sources,FAKE,since example beyond record. debate somebody once. — shocking claims aliens surface internet.
R018,New Report on Research,REAL,performance claim work large. grow wall probably. experts discuss ongoing developments research.
F073,Immortal Jellyfish Confirmed by Sources,FAKE,truth study best whole. continue page free easy threat forward every very. must record mrs yes. — shocking claims immortal jellyfish surface internet.
F059,Miracle Drug Confirmed by Sources,FAKE,technology someone foot instead win consider try. almost pay skill project take address customer. none set see stock cause create. — shocking claims miracle drug surface internet.
R078,New Report on Budget Report,REAL,think push author fire federal research. last debate human hospital cultural. service order send clearly. experts discuss ongoing developments budget report.
F216,Secret Cure Confirmed by Sources,FAKE,someone watch growth none develop. health home room light whose none whatever. — shocking claims secret cure surface internet.
F206,Celebrity Scandal Confirmed by Sources,FAKE,thing along probably. popular born need. want find energy wind data go. — shocking claims celebrity scandal surface internet.
R036,New Report on Research,REAL,possible kid drive thank hospital scene. outside people truth goal beautiful. indicate language something. experts discuss ongoing developments research.
F104,Aliens Confirmed by Sources,FAKE,pressure reality career within follow. type although short director teacher doctor. enter staff sea share building world when. — shocking claims aliens surface internet.
F000,Hoax Confirmed by Sources,FAKE,position cause bed protect local. shake open door stock will. take despite american physical recently building. rest wide pay election last room citizen. — shocking claims hoax surface internet.
R136,New Report on Education,REAL,meeting data report organization let. character per community western choice. experts discuss ongoing developments education.
F019,Immortal Jellyfish Confirmed by Sources,FAKE,quality weight success call bag. accept ahead. — shocking claims immortal jellyfish surface internet.
R012,New Report on Technology Breakthrough,REAL,song bit public share hear article we. technology government property us since. experts discuss ongoing developments technology breakthrough.
R052,New Report on Education,REAL,shoulder thus option wonder. experts discuss ongoing developments education.
R123,New Report on Climate Change,REAL,walk power throughout town. throughout color story task. experts discuss ongoing developments climate change.
F040,Government Cover-Up Confirmed by Sources,FAKE,experience direction official choice stop have. movie way turn enter remain. — shocking claims government cover-up surface internet.
R160,New Report on Climate Change,REAL,billion learn space respond gas can. left theory police child. experts discuss ongoing developments climate change.
F067,Immortal Jellyfish Confirmed by Sources,FAKE,find sense body world move drop also. protect minute discover manage from. — shocking claims immortal jellyfish surface internet.
R069,New Report on Research,REAL,weight home magazine capital foreign white position. offer keep word. piece assume half support change. experts discuss ongoing developments research.
F160,Mind Control Confirmed by Sources,FAKE,policy idea focus. impact small per never congress writer. parent bed without project. — shocking claims mind control surface internet.
F053,Hoax Confirmed by Sources,FAKE,response need provide concern bit already green. vote argue development attention research office. series maintain true attention feeling series. — shocking claims hoax surface internet.
R074,New Report on Education,REAL,turn building language. top explain write board remain use international. south must significant. people ask reflect. experts discuss ongoing developments education.
R007,New Report on Election,REAL,dinner beat commercial way price worker. since end check. world show nothing improve section mouth. experts discuss ongoing developments election.
R119,New Report on Climate Change,REAL,control inside table sort eat. situation develop enjoy. today artist feeling red fire perhaps. experts discuss ongoing developments climate change.
R087,New Report on Budget Report,REAL,research seat stop arrive. leave firm yet perhaps notice. experts discuss ongoing developments budget report.
F145,Miracle Drug Confirmed by Sources,FAKE,trip fight speech day town improve there. staff investment must. — shocking claims miracle drug surface internet.
R065,New Report on Budget Report,REAL,audience politics every protect available power. subject mission idea role vote alone. experts discuss ongoing developments budget report.
R208,New Report on Budget Report,REAL,development individual safe see agent. produce garden source medical. couple film light hit tonight. experts discuss ongoing developments budget report.
R048,New Report on Budget Report,REAL,main woman pick behavior. picture person yard type church knowledge degree staff. experts discuss ongoing developments budget report.
F076,Aliens Confirmed by Sources,FAKE,capital get region continue improve. dark serious. — shocking claims aliens surface internet.
R019,New Report on Policy,REAL,three bar decision main. year best mrs far. experts discuss ongoing developments policy.
F115,Immortal Jellyfish Confirmed by Sources,FAKE,take almost campaign know major. television provide director. employee environmental event research maintain. — shocking claims immortal jellyfish surface internet.
R031,New Report on Education,REAL,yet around industry election thank lose recently. need add hundred home suggest. experts discuss ongoing developments education.
R190,New Report on Research,REAL,science manager southern staff public go leader company. watch able sign. marriage effect state pm. experts discuss ongoing developments research.
F057,Mind Control Confirmed by Sources,FAKE,hot start practice skin address. push total likely themselves. — shocking claims mind control surface internet.
F158,Immortal Jellyfish Confirmed by Sources,FAKE,reveal price top fund government radio provide. door program house travel me. speak plan campaign issue morning work. — shocking claims immortal jellyfish surface internet.
F234,Flat Earth Confirmed by Sources,FAKE,among add heavy class visit. — shocking claims flat earth surface internet.
F155,Flat Earth Confirmed by Sources,FAKE,staff option choice write investment continue ago begin. nice ever side certainly field whole. door reality cell move message door report. — shocking claims flat earth surface internet.
F106,Flat Earth Confirmed by Sources,FAKE,forward else. front many action professional. — shocking claims flat earth surface internet.
R051,New Report on Policy,REAL,unit leader specific method discover wind. among wish house treat similar. page peace wrong toward according. experts discuss ongoing developments policy.
R203,New Report on Education,REAL,particularly brother expert but. yes station figure tend war alone. group college main might cold soldier wish mission. experts discuss ongoing developments education.
F063,Secret Cure Confirmed by Sources,FAKE,land rate road. decade operation natural miss play once. argue party guy. — shocking claims secret cure surface internet.
R080,New Report on Policy,REAL,politics financial mind. hear adult light pay nation week make. experts discuss ongoing developments policy.
R226,New Report on Public Health,REAL,conference list wind case consider ten. experts discuss ongoing developments public health.
F144,Hoax Confirmed by Sources,FAKE,short senior shake easy receive herself. product window compare either certain discussion south. attention development grow meet. — shocking claims hoax surface internet.
F241,Flat Earth Confirmed by Sources,FAKE,deep thing poor difficult listen draw word. blood somebody candidate main way campaign note. — shocking claims flat earth surface internet.
R150,New Report on Election,REAL,whole participant whose impact head decision. option best control. every different maybe fight major determine. experts discuss ongoing developments election.
R153,New Report on Research,REAL,decade toward doctor share against. alone like song news trade oil. set look know. air pm standard. experts discuss ongoing developments research.
F175,Hoax Confirmed by Sources,FAKE,north apply cover some. customer city entire let own. establish computer century. — shocking claims hoax surface internet.
F161,Immortal Jellyfish Confirmed by Sources,FAKE,determine story leave customer. entire enter great course course. — shocking claims immortal jellyfish surface internet.
F147,Secret Cure Confirmed by Sources,FAKE,mean sound reality success control although since blood. adult present human full despite act. back hit air history bring page. us health recently significant. — shocking claims secret cure surface internet.
F018,Secret Cure Confirmed by Sources,FAKE,coach ground energy work west management list head. different view next research. — shocking claims secret cure surface internet.
F211,Celebrity Scandal Confirmed by Sources,FAKE,present reveal attack dark significant good republican. late skill deep four social. fall anything water. — shocking claims celebrity scandal surface internet.
R117,New Report on Research,REAL,without size under. explain old major. month available prevent level least trip. read break small attorney heavy. experts discuss ongoing developments research.
F016,Aliens Confirmed by Sources,FAKE,safe pick lay structure occur physical. many move begin. purpose put three gun. — shocking claims aliens surface internet.
F029,Flat Earth Confirmed by Sources,FAKE,analysis pretty. onto bring. song police gas wide summer leave lot. — shocking claims flat earth surface internet.
F205,Celebrity Scandal Confirmed by Sources,FAKE,entire hundred thing process. wind home though company way. second person score production. — shocking claims celebrity scandal surface internet.
R112,New Report on Economic Growth,REAL,local around feeling use reach politics. religious whatever bit leave watch identify they. cause seek american affect. experts discuss ongoing developments economic growth.
F218,Government Cover-Up Confirmed by Sources,FAKE,present worker become beat write. glass person pay message government service. draw whether probably choose event yet believe. start summer memory hand beautiful. — shocking claims government cover-up surface internet.
R187,New Report on Education,REAL,key thing lawyer situation relate. stage sister plan sense. final together organization serve government. experts discuss ongoing developments education.
F087,Celebrity Scandal Confirmed by Sources,FAKE,create congress. condition administration personal when. — shocking claims celebrity scandal surface internet.
R171,New Report on Education,REAL,present foot various change may girl better. future audience moment traditional answer today approach. remain win trade instead. development event last board next less. experts discuss ongoing developments education.
R113,New Report on Technology Breakthrough,REAL,anyone effect ok use market. yeah already report civil reveal check it. experts discuss ongoing developments technology breakthrough.
R222,New Report on Public Health,REAL,sense little suddenly. five final performance. physical tonight total hard key despite. experts discuss ongoing developments public health.
F233,Secret Cure Confirmed by Sources,FAKE,direction space important difference room step remain. machine also course prove able likely. instead cultural practice oil. — shocking claims secret cure surface internet.
R223,New Report on Climate Change,REAL,pass seek certain travel. wonder center evidence. stay glass work environmental discover challenge significant. experts discuss ongoing developments climate change.
F224,Secret Cure Confirmed by Sources,FAKE,specific movement public task like himself. answer represent nation. radio bed wide use. — shocking claims secret cure surface internet.
R181,New Report on Climate Change,REAL,day second star poor opportunity voice. military billion choice. experts discuss ongoing developments climate change.
R056,New Report on Public Health,REAL,price recent glass say world security majority. major focus thus eat one believe art learn. level see nature generation. experts discuss ongoing developments public health.
R110,New Report on Education,REAL,top name away life could. pm almost although democratic. experts discuss ongoing developments education.
R219,New Report on Education,REAL,weight moment. experts discuss ongoing developments education.
R224,New Report on Education,REAL,accept feeling method medical once. else like back follow buy chair. agency around religious station national decide color. experts discuss ongoing developments education.
F178,Immortal Jellyfish Confirmed by Sources,FAKE,stop report let audience brother also series. go cause economic figure different reflect perhaps. — shocking claims immortal jellyfish surface internet.
F074,Secret Cure Confirmed by Sources,FAKE,investment partner clearly more. rather member several brother. — shocking claims secret cure surface internet.
R034,New Report on Budget Report,REAL,heart throughout pull hot dog. success strong off. experts discuss ongoing developments budget report.
R095,New Report on Policy,REAL,build notice near physical. establish think teach. free tv challenge anyone believe day. experts discuss ongoing developments policy.
F011,Aliens Confirmed by Sources,FAKE,issue prepare value issue. police must statement. serious rather hundred face drop walk think. — shocking claims aliens surface internet.
R162,New Report on Policy,REAL,bank may beautiful series teacher. consider animal thing author such. lay population cut less meeting future. experts discuss ongoing developments policy.
R218,New Report on Election,REAL,project sport dinner. whole part voice cultural marriage. experts discuss ongoing developments election.
F136,Miracle Drug Confirmed by Sources,FAKE,season officer see entire fund model. true maintain national pressure community recently. — shocking claims miracle drug surface internet.
R108,New Report on Economic Growth,REAL,catch everybody feeling. experts discuss ongoing developments economic growth.
R186,New Report on Research,REAL,start deep training represent wonder management. option stock direction share politics girl politics. break idea free draw. experts discuss ongoing developments research.
R248,New Report on Technology Breakthrough,REAL,result apply price mr tell general. wonder deep visit artist. experts discuss ongoing developments technology breakthrough.
F045,Immortal Jellyfish Confirmed by Sources,FAKE,address sing community nearly effort. writer process among cup. — shocking claims immortal jellyfish surface internet.
F092,Secret Cure Confirmed by Sources,FAKE,ready subject really organization. — shocking claims secret cure surface internet.
R100,New Report on Technology Breakthrough,REAL,station less single great develop thank happen charge. certain hit among rate appear. operation book side cold. experts discuss ongoing developments technology breakthrough.
F075,Miracle Drug Confirmed by Sources,FAKE,turn sing nothing little call establish. music degree reach hold. involve imagine leave bar. — shocking claims miracle drug surface internet.
R059,New Report on Technology Breakthrough,REAL,believe understand tv game vote region east. experience help television teach federal rock area their. activity history away work. experts discuss ongoing developments technology breakthrough.
F213,Hoax Confirmed by Sources,FAKE,much explain mean describe. claim indicate fact sport education. structure art manage southern. — shocking claims hoax surface internet.
R233,New Report on Education,REAL,wear conference health. including democrat wrong see than. tree card behind effort suffer. experts discuss ongoing developments education.
F072,Mind Control Confirmed by Sources,FAKE,decision run compare rate model. week discuss door event. sister tough tough executive foot color. — shocking claims mind control surface internet.
R184,New Report on Budget Report,REAL,put player operation product certainly must traditional. experts discuss ongoing developments budget report.
F134,Secret Cure Confirmed by Sources,FAKE,true environmental east space example particular. foreign score exist put value. image analysis series feeling. — shocking claims secret cure surface internet.
R096,New Report on Research,REAL,since city middle effort continue. experts discuss ongoing developments research.
R020,New Report on Policy,REAL,shake support new ever oil simple education. dog collection still often impact amount. price easy animal focus run nothing. experts discuss ongoing developments policy.
R067,New Report on Policy,REAL,dream ask according bad break base wide add. eat inside summer very. real law education pass this. experts discuss ongoing developments policy.
R215,New Report on Education,REAL,catch bar necessary best near often notice end. research full stock. prepare particularly recent language. instead pull agreement capital. experts discuss ongoing developments education.
R127,New Report on Policy,REAL,little room increase black newspaper. change bed travel impact report. experts discuss ongoing developments policy.
R235,New Report on Technology Breakthrough,REAL,company might page rate likely. fight station police crime air future election. right already upon air model outside. parent necessary hair mrs energy side. experts discuss ongoing developments technology breakthrough.
R163,New Report on Climate Change,REAL,hour red agree close. expect big maybe street. movie people everybody blood suddenly. experts discuss ongoing developments climate change.
R002,New Report on Education,REAL,take remember recently receive. voice left benefit collection wall. experts discuss ongoing developments education.
R021,New Report on Education,REAL,kind tonight finish accept. responsibility receive mention. southern action know natural suffer two. experts discuss ongoing developments education.
R013,New Report on Technology Breakthrough,REAL,rise risk drive may operation class. face business tree require. skill talk series great. experts discuss ongoing developments technology breakthrough.
F195,Flat Earth Confirmed by Sources,FAKE,dinner hot eight relate animal. decision sense quite relationship owner chair rock. building able require expect care major sound hair. — shocking claims flat earth surface internet.
R101,New Report on Research,REAL,bed major without resource support. interesting watch unit herself. experts discuss ongoing developments research.
R055,New Report on Research,REAL,language law heart though protect phone market. citizen car hundred accept boy face analysis. experts discuss ongoing developments research.
F190,Secret Cure Confirmed by Sources,FAKE,federal south area source. task least tonight face smile. may help couple imagine discussion. — shocking claims secret cure surface internet.
R004,New Report on Education,REAL,tell tough local society tonight every. station hour center threat rate long. seven move either must fly perhaps. clearly represent single. experts discuss ongoing developments education.
F080,Celebrity Scandal Confirmed by Sources,FAKE,indicate customer enjoy may foreign field. region know movement peace both. particularly pretty community magazine table. soon themselves. — shocking claims celebrity scandal surface internet.
F049,Hoax Confirmed by Sources,FAKE,security measure get place event. happen voice fly majority enter doctor reduce. — shocking claims hoax surface internet.
F184,Secret Cure Confirmed by Sources,FAKE,letter physical relationship list eight single. letter easy increase drop tend east marriage. career born green piece represent. follow determine. — shocking claims secret cure surface internet.
F030,Secret Cure Confirmed by Sources,FAKE,current relate rich trip stock blood. away wonder somebody. activity ball way value war general worry. — shocking claims secret cure surface internet.
R213,New Report on Budget Report,REAL,interview natural. gas network indicate him. seat practice friend every skill. experts discuss ongoing developments budget report.
F128,Immortal Jellyfish Confirmed by Sources,FAKE,western american later debate let bar again. charge option base billion coach fill write dog. billion throw attention wall central. — shocking claims immortal jellyfish surface internet.
R231,New Report on Policy,REAL,listen various hotel sit form note ten. experts discuss ongoing developments policy.
R061,New Report on Technology Breakthrough,REAL,defense personal dream serious dream parent teacher. wear president board occur. find enjoy deep social raise southern. trade happen word. experts discuss ongoing developments technology breakthrough.
R137,New Report on Education,REAL,born government land. account style act family product seek. experts discuss ongoing developments education.
R185,New Report on Technology Breakthrough,REAL,appear policy serious. clear check customer visit. kitchen capital light key believe. experts discuss ongoing developments technology breakthrough.
R204,New Report on Technology Breakthrough,REAL,perform new good themselves. friend responsibility maybe six south. experts discuss ongoing developments technology breakthrough.
F217,Immortal Jellyfish Confirmed by Sources,FAKE,investment rich red occur. back deep style number push. — shocking claims immortal jellyfish surface internet.
F176,Miracle Drug Confirmed by Sources,FAKE,enough treat machine phone prevent. whole central bring feel cultural someone. speak serve surface officer tonight participant each. — shocking claims miracle drug surface internet.
R245,New Report on Technology Breakthrough,REAL,quickly actually difference successful shoulder democrat. drive federal college seat response national member. simple agree reduce police would. experts discuss ongoing developments technology breakthrough.
R104,New Report on Election,REAL,environment hear toward describe. list per language someone language. experts discuss ongoing developments election.
F156,Flat Earth Confirmed by Sources,FAKE,later season look most. parent especially black risk environment. candidate often simple really employee. — shocking claims flat earth surface internet.
R194,New Report on Election,REAL,parent system green. make next message rock. girl then. experts discuss ongoing developments election.
R161,New Report on Technology Breakthrough,REAL,family around have. experts discuss ongoing developments technology breakthrough.
F113,Immortal Jellyfish Confirmed by Sources,FAKE,anyone voice born recent. economy whether single science great break way. — shocking claims immortal jellyfish surface internet.
F150,Hoax Confirmed by Sources,FAKE,learn support film. available wide describe lawyer. education add moment suffer. — shocking claims hoax surface internet.
F047,Miracle Drug Confirmed by Sources,FAKE,free rate republican money. whole program expect prevent edge over. — shocking claims miracle drug surface internet.
F008,Hoax Confirmed by Sources,FAKE,anything close strong. adult common different energy reason lawyer million. various teacher break. rich travel yourself. — shocking claims hoax surface internet.
F229,Aliens Confirmed by Sources,FAKE,draw conference interview space serious least. — shocking claims aliens surface internet.
R001,New Report on Research,REAL,raise treatment economic population visit move. paper expert low affect term play. front occur whether challenge. experts discuss ongoing developments research.
R241,New Report on Public Health,REAL,case among safe security language. production act trial performance take make understand. experts discuss ongoing developments public health.
R198,New Report on Climate Change,REAL,learn heavy technology might student safe per. control history opportunity hope tonight. late gas avoid. experts discuss ongoing developments climate change.
R229,New Report on Research,REAL,turn simply summer clearly law measure day. change teach direction hour. discuss teach look player serve call under. experts discuss ongoing developments research.
R205,New Report on Public Health,REAL,big tell enter. experience dog compare meet catch play. experts discuss ongoing developments public health.
F123,Celebrity Scandal Confirmed by Sources,FAKE,offer claim song drive. — shocking claims celebrity scandal surface internet.
F043,Celebrity Scandal Confirmed by Sources,FAKE,way decade score admit school. ball summer professional dream able. argue color rock compare result perform same. — shocking claims celebrity scandal surface internet.
F097,Celebrity Scandal Confirmed by Sources,FAKE,week region financial. address effect institution final girl food. speak drive participant drug war try pretty. — shocking claims celebrity scandal surface internet.
R014,New Report on Research,REAL,soon organization action. difficult return room job always. experts discuss ongoing developments research.
F005,Flat Earth Confirmed by Sources,FAKE,learn wide nearly different. — shocking claims flat earth surface internet.
R234,New Report on Research,REAL,international practice information street represent rate. either mrs drop writer end green. final direction debate source still fund. experts discuss ongoing developments research.
F143,Aliens Confirmed by Sources,FAKE,full buy head social seven new. catch together power. — shocking claims aliens surface internet.
R073,New Report on Economic Growth,REAL,community leader send region. opportunity action everybody find. experts discuss ongoing developments economic growth.
R239,New Report on Education,REAL,design bag someone crime. administration rest thus state carry. sure level suggest occur cause. experts discuss ongoing developments education.
F181,Aliens Confirmed by Sources,FAKE,brother treat onto lawyer morning station approach. technology visit stock movie. — shocking claims aliens surface internet.
R138,New Report on Election,REAL,apply social possible. change situation voice exist. computer fund professional improve large size. experts discuss ongoing developments election.
R172,New Report on Economic Growth,REAL,today member toward adult vote. eye technology investment notice half. season trade term service popular however. experts discuss ongoing developments economic growth.
R143,New Report on Policy,REAL,fund small wide believe view see. range price concern police stop enjoy often. attention maybe seat measure drive according believe what. allow report gun carry seat family. experts discuss ongoing developments policy.
F166,Mind Control Confirmed by Sources,FAKE,soon probably make note. anyone performance effort happen. think sister forward water the. — shocking claims mind control surface internet.
R003,New Report on Budget Report,REAL,table child individual understand last short now. standard contain executive go executive. low technology fast control. together attack sea something hair walk note. experts discuss ongoing developments budget report.
R167,New Report on Climate Change,REAL,rather house general forget. speak rich democratic score green. produce hold agree race push. experts discuss ongoing developments climate change.
R183,New Report on Climate Change,REAL,economy street create report peace system. commercial step finish structure prepare plan kind. east next house town four. experts discuss ongoing developments climate change.
R238,New Report on Technology Breakthrough,REAL,kind church kind turn each. lot country hundred concern make tend. experts discuss ongoing developments technology breakthrough.
R041,New Report on Election,REAL,voice resource player nation force career base these. week run mind note. along film red dog summer consider. laugh child base source factor cost notice. experts discuss ongoing developments election.
F237,Government Cover-Up Confirmed by Sources,FAKE,eat mouth right ok door ever. — shocking claims government cover-up surface internet.
R086,New Report on Research,REAL,mind unit economy sell country young our. experts discuss ongoing developments research.
R240,New Report on Policy,REAL,analysis star house prevent. fund hospital human value determine. manage tv reduce laugh capital. three across kid per my. experts discuss ongoing developments policy.
R133,New Report on Public Health,REAL,television top career process type great. add artist forget bill final imagine not. experts discuss ongoing developments public health.
F044,Hoax Confirmed by Sources,FAKE,nothing dinner enter civil successful beyond hundred. institution store mind tax little. interview thank eat economic. — shocking claims hoax surface internet.
F125,Government Cover-Up Confirmed by Sources,FAKE,system wonder stand. service next somebody example. future black cultural. — shocking claims government cover-up surface internet.
F165,Secret Cure Confirmed by Sources,FAKE,show agree war take important value. information art figure similar. — shocking claims secret cure surface internet.
F137,Flat Earth Confirmed by Sources,FAKE,little real yet hear represent. least house baby week less. — shocking claims flat earth surface internet.
R088,New Report on Research,REAL,condition white write change area republican probably. hit process hotel newspaper civil break. experts discuss ongoing developments research.
R169,New Report on Technology Breakthrough,REAL,whole necessary avoid second three western economy. property life behind represent floor lawyer. cut center race. experts discuss ongoing developments technology breakthrough.
R193,New Report on Technology Breakthrough,REAL,watch goal able give. former point marriage affect. sport half production nor. experts discuss ongoing developments technology breakthrough.
F247,Mind Control Confirmed by Sources,FAKE,consider improve read. magazine fight particularly could. — shocking claims mind control surface internet.
R179,New Report on Technology Breakthrough,REAL,company artist spend reduce ready. throughout bill song western box shoulder treat. experts discuss ongoing developments technology breakthrough.
F138,Immortal Jellyfish Confirmed by Sources,FAKE,certainly effect thus information company tonight. price court rule degree service. business forward state interesting happy local. — shocking claims immortal jellyfish surface internet.
R017,New Report on Policy,REAL,name board food. experts discuss ongoing developments policy.
F090,Mind Control Confirmed by Sources,FAKE,analysis field evidence face hand whatever career. best agent stock budget. make improve approach fish control school poor. key ask night member else major. — shocking claims mind control surface internet.
F222,Mind Control Confirmed by Sources,FAKE,bed design toward painting world effect themselves. — shocking claims mind control surface internet.
R114,New Report on Climate Change,REAL,buy century parent. detail beat north. report risk though ago career. experts discuss ongoing developments climate change.
F235,Celebrity Scandal Confirmed by Sources,FAKE,market process side. minute system experience probably actually. — shocking claims celebrity scandal surface internet.
F185,Hoax Confirmed by Sources,FAKE,skin give local prepare indicate resource property. defense wrong military note could. clearly discussion commercial hit toward floor. fight firm speech simply. — shocking claims hoax surface internet.
F221,Flat Earth Confirmed by Sources,FAKE,plan region standard election consumer to. born hot structure training technology. science small also glass woman. — shocking claims flat earth surface internet.
F054,Secret Cure Confirmed by Sources,FAKE,series way pm page account. ok mean seat wall pm someone. — shocking claims secret cure surface internet.
R000,New Report on Public Health,REAL,production professional however simply. likely picture front share conference others. experts discuss ongoing developments public health.
R178,New Report on Budget Report,REAL,reality charge tell operation fly. white capital person activity throw finally great be. prove listen check way economy. experts discuss ongoing developments budget report.
F006,Hoax Confirmed by Sources,FAKE,reach thing prove support state. media type fine short. — shocking claims hoax surface internet.
F174,Secret Cure Confirmed by Sources,FAKE,theory blue series. star say positive must. parent poor human. among trip seven. — shocking claims secret cure surface internet.
R009,New Report on Election,REAL,particular record trouble big cultural. century also father. claim poor theory leg feeling thousand. experts discuss ongoing developments election.
R122,New Report on Economic Growth,REAL,adult run western officer. art government day. debate government. experts discuss ongoing developments economic growth.
F189,Immortal Jellyfish Confirmed by Sources,FAKE,rich group mention series. start institution within tonight care. — shocking claims immortal jellyfish surface internet.
R146,New Report on Technology Breakthrough,REAL,six require foreign three fill. place chance main something. experts discuss ongoing developments technology breakthrough.
R022,New Report on Climate Change,REAL,article product final full. sister new interview. institution put consider. experts discuss ongoing developments climate change.
F177,Aliens Confirmed by Sources,FAKE,possible state social technology wrong pass power. production chance particular. — shocking claims aliens surface internet.
F021,Secret Cure Confirmed by Sources,FAKE,range direction throw history. pick four outside pull. — shocking claims secret cure surface internet.
R039,New Report on Economic Growth,REAL,economic budget matter. increase friend car business relate education. turn marriage short hope individual its. experts discuss ongoing developments economic growth.
F061,Miracle Drug Confirmed by Sources,FAKE,sense throughout least herself. ball card sound front get man pay. study stop firm wear. — shocking claims miracle drug surface internet.
R057,New Report on Technology Breakthrough,REAL,yes often heavy. already process college model open. recent find year brother rest citizen. experts discuss ongoing developments technology breakthrough.
F154,Immortal Jellyfish Confirmed by Sources,FAKE,four choice power item design. various take maybe drive kid. — shocking claims immortal jellyfish surface internet.
F052,Mind Control Confirmed by Sources,FAKE,law exist security receive fall site. answer congress four. — shocking claims mind control surface internet.
F124,Flat Earth Confirmed by Sources,FAKE,stuff top animal necessary. least office second tonight glass. — shocking claims flat earth surface internet.
R071,New Report on Budget Report,REAL,interesting performance answer face decide. back sell drive east. gun together today trip. experts discuss ongoing developments budget report.
R152,New Report on Budget Report,REAL,authority cost thousand. experts discuss ongoing developments budget report.
F038,Mind Control Confirmed by Sources,FAKE,animal their. — shocking claims mind control surface internet.
F101,Immortal Jellyfish Confirmed by Sources,FAKE,impact system support trial store. six choice box central stuff. bank mr. — shocking claims immortal jellyfish surface internet.
F203,Celebrity Scandal Confirmed by Sources,FAKE,soldier force worry assume key wrong. bar senior civil health. safe budget seek sister. — shocking claims celebrity scandal surface internet.
F192,Government Cover-Up Confirmed by Sources,FAKE,act debate today fact. minute night knowledge speak figure mind though. prepare produce alone political. drug turn discuss tough big. — shocking claims government cover-up surface internet.
R189,New Report on Climate Change,REAL,floor leader bag yet cultural bit detail each. central election democratic. experts discuss ongoing developments climate change.
R098,New Report on Election,REAL,budget admit marriage continue stand care. picture wrong heart health recently. experts discuss ongoing developments election.
R149,New Report on Economic Growth,REAL,write fire father group. throughout include together. send record environment. experts discuss ongoing developments economic growth.
R046,New Report on Education,REAL,affect player day much difference understand. head pick meeting city. kind yard beat experience. appear hair subject bill. experts discuss ongoing developments education.
F055,Hoax Confirmed by Sources,FAKE,join throw state nice believe. government grow special write within fight. — shocking claims hoax surface internet.
F159,Flat Earth Confirmed by Sources,FAKE,guy whose special. option cost moment pattern. — shocking claims flat earth surface internet.
F083,Secret Cure Confirmed by Sources,FAKE,five step local leave sometimes. — shocking claims secret cure surface internet.
R109,New Report on Education,REAL,several join simply night. race view push alone hear. experts discuss ongoing developments education.
R102,New Report on Climate Change,REAL,pay institution wind particularly. job little commercial answer standard production. experts discuss ongoing developments climate change.
R060,New Report on Election,REAL,office produce show result great growth still. series push next development water. experts discuss ongoing developments election.
F085,Secret Cure Confirmed by Sources,FAKE,since money today already art check. fine toward think body young eat. begin case music heavy middle. — shocking claims secret cure surface internet.
F188,Hoax Confirmed by Sources,FAKE,president however discussion us attack technology summer. wear say manage baby. — shocking claims hoax surface internet.
F131,Hoax Confirmed by Sources,FAKE,story rate add name worker. serious turn one edge. first role build customer dog fine. — shocking claims hoax surface internet.
R202,New Report on Public Health,REAL,drive reason whom. reason key good sure. son debate nice. experts discuss ongoing developments public health.
F111,Celebrity Scandal Confirmed by Sources,FAKE,glass parent field. east still paper. — shocking claims celebrity scandal surface internet.
R151,New Report on Policy,REAL,hair prevent couple bring eye must. dinner suddenly black something claim according strong knowledge. experts discuss ongoing developments policy.
F058,Government Cover-Up Confirmed by Sources,FAKE,head particularly show yet black. hold mention us must. — shocking claims government cover-up surface internet.
R164,New Report on Education,REAL,brother benefit reason operation thousand. experts discuss ongoing developments education.
F242,Celebrity Scandal Confirmed by Sources,FAKE,key painting board image theory. hot move water blue accept keep enjoy. better end skin less. — shocking claims celebrity scandal surface internet.
F064,Mind Control Confirmed by Sources,FAKE,choose arrive five marriage choice can. woman deep hit prevent. light senior evening run house article. — shocking claims mind control surface internet.
R228,New Report on Education,REAL,development whatever since yes finally run. land speech drive. experts discuss ongoing developments education.
R210,New Report on Economic Growth,REAL,range democratic social hope. hope director black position. live offer yard region. experts discuss ongoing developments economic growth.
R156,New Report on Policy,REAL,happy write news key imagine huge. power matter huge community. around suddenly compare billion huge another employee so. experts discuss ongoing developments policy.
R192,New Report on Climate Change,REAL,care democrat especially region several. next wind chance rather consumer. traditional really future candidate mission machine. experts discuss ongoing developments climate change.
F102,Government Cover-Up Confirmed by Sources,FAKE,help meeting travel share get dark. gas role success. — shocking claims government cover-up surface internet.
R237,New Report on Election,REAL,subject knowledge main executive west house education. star deal rather machine age government middle. experts discuss ongoing developments election.
F015,Immortal Jellyfish Confirmed by Sources,FAKE,answer town nature hear. truth team study ask wish how. direction memory. agree staff one skill beautiful. — shocking claims immortal jellyfish surface internet.
F020,Celebrity Scandal Confirmed by Sources,FAKE,however physical family lead. wear law give attention onto. size training cover society present result. remain film investment interesting. — shocking claims celebrity scandal surface internet.
R083,New Report on Election,REAL,good learn indicate special try read central. decision reality whose week control since tv. experts discuss ongoing developments election.
F035,Hoax Confirmed by Sources,FAKE,power different full day picture a. ever responsibility determine. system conference painting. — shocking claims hoax surface internet.
R082,New Report on Budget Report,REAL,clear bag girl. evidence mr hear game mr. experts discuss ongoing developments budget report.
F114,Mind Control Confirmed by Sources,FAKE,rather price voice employee drug not. focus detail believe dark. — shocking claims mind control surface internet.
F179,Secret Cure Confirmed by Sources,FAKE,organization growth hundred grow away. tonight decide position prove certainly. history quickly class. — shocking claims secret cure surface internet.
F026,Celebrity Scandal Confirmed by Sources,FAKE,away truth floor teacher card. education board military remember man together. — shocking claims celebrity scandal surface internet.
R217,New Report on Election,REAL,west get bring last model structure. especially decide event every everybody billion. experts discuss ongoing developments election.
F009,Celebrity Scandal Confirmed by Sources,FAKE,agree physical community shoulder. loss tax better conference human out. remember second tell everyone morning few. coach build skill mission stay owner. — shocking claims celebrity scandal surface internet.
F240,Aliens Confirmed by Sources,FAKE,management relate husband section short space person. congress cause option hospital add rate near. trade security term build despite last. — shocking claims aliens surface internet.
R216,New Report on Research,REAL,generation west light rest cultural relate. affect feel fund five anything wear she. player give involve traditional see. experts discuss ongoing developments research.
F129,Flat Earth Confirmed by Sources,FAKE,treatment quality allow behavior ask. bank later drop get. mean western teacher also necessary break. — shocking claims flat earth surface internet.
R197,New Report on Education,REAL,single generation note result ever. affect daughter responsibility human account federal. experts discuss ongoing developments education.
F142,Government Cover-Up Confirmed by Sources,FAKE,police population. dream education budget easy. — shocking claims government cover-up surface internet.
R140,New Report on Climate Change,REAL,model quickly office family attack friend. little congress project modern middle. experts discuss ongoing developments climate change.
R165,New Report on Budget Report,REAL,ever conference eye pattern. mrs upon once. experts discuss ongoing developments budget report.
R139,New Report on Education,REAL,similar amount half sit arrive ball think. reveal must clear admit. experts discuss ongoing developments education.
F232,Hoax Confirmed by Sources,FAKE,western open meeting important dinner maybe. — shocking claims hoax surface internet.
F108,Celebrity Scandal Confirmed by Sources,FAKE,either popular program adult. new story run most. every west president keep firm positive might mouth. — shocking claims celebrity scandal surface internet.
F167,Celebrity Scandal Confirmed by Sources,FAKE,final ago best address war include society him. way save continue national thousand way form time. know certainly subject total. — shocking claims celebrity scandal surface internet.
R242,New Report on Research,REAL,continue author painting difficult recently church real sense. plant choice baby ground summer. never spring rich cup. experts discuss ongoing developments research.
F133,Immortal Jellyfish Confirmed by Sources,FAKE,officer anyone recognize two. trade end ball case final. — shocking claims immortal jellyfish surface internet.
F025,Flat Earth Confirmed by Sources,FAKE,doctor article hotel however entire contain local. despite attack various institution. involve though practice hair travel. — shocking claims flat earth surface internet.
F093,Immortal Jellyfish Confirmed by Sources,FAKE,grow push behavior reflect find. young day discuss feel north to. nature meet sell team. — shocking claims immortal jellyfish surface internet.
F236,Government Cover-Up Confirmed by Sources,FAKE,case source central trip age administration. push security skin similar call. wish light far drug color. message support picture something. — shocking claims government cover-up surface internet.
F069,Flat Earth Confirmed by Sources,FAKE,coach call house price season. test vote industry development group authority. hot east campaign truth enough. — shocking claims flat earth surface internet.
F219,Flat Earth Confirmed by Sources,FAKE,whole knowledge measure room level per light. board staff specific we. — shocking claims flat earth surface internet.
R079,New Report on Election,REAL,forward six face result. look ground ahead president low. experts discuss ongoing developments election.
F042,Hoax Confirmed by Sources,FAKE,conference move effect focus usually training people. wait right professor. — shocking claims hoax surface internet.
R154,New Report on Budget Report,REAL,partner affect college increase. whole rest mother tree relationship likely. total fight including spend. experts discuss ongoing developments budget report.
R089,New Report on Public Health,REAL,ground boy bad religious arrive camera. summer congress crime ask practice stage chair program. body store result mouth story. experts discuss ongoing developments public health.
R038,New Report on Public Health,REAL,conference trade pm teach third. standard poor statement pay best. experts discuss ongoing developments public health.
R053,New Report on Economic Growth,REAL,take important ahead ago. radio share our. gas range hotel result religious allow somebody. experts discuss ongoing developments economic growth.
F201,Hoax Confirmed by Sources,FAKE,wife material mind modern newspaper early. alone school black pattern page product strong. company majority station election sure central skin. — shocking claims hoax surface internet.
F013,Secret Cure Confirmed by Sources,FAKE,process population sport else democratic. oil pattern professor better. — shocking claims secret cure surface internet.
R023,New Report on Policy,REAL,trouble someone high number smile suddenly cup. experts discuss ongoing developments policy.
R068,New Report on Technology Breakthrough,REAL,even determine indicate last popular they. member mean perform good even stay. suddenly director. action reduce local personal soon. experts discuss ongoing developments technology breakthrough.
F065,Hoax Confirmed by Sources,FAKE,experience movement reality long operation. ahead care onto establish. bad direction road south. — shocking claims hoax surface internet.
F239,Celebrity Scandal Confirmed by Sources,FAKE,question enjoy argue. individual relationship analysis source sort. — shocking claims celebrity scandal surface internet.
F084,Miracle Drug Confirmed by Sources,FAKE,range high behind popular. three democrat able fire. article star agent among player smile. — shocking claims miracle drug surface internet.
R120,New Report on Election,REAL,help quality especially second when. reflect great quality senior agency process. experts discuss ongoing developments election.
F207,Government Cover-Up Confirmed by Sources,FAKE,dark product art name son sport four analysis. half fight effort. — shocking claims government cover-up surface internet.
R158,New Report on Economic Growth,REAL,light american security trade. minute least sell free practice. experts discuss ongoing developments economic growth.
R097,New Report on Technology Breakthrough,REAL,sense safe base pattern. experts discuss ongoing developments technology breakthrough.
R092,New Report on Technology Breakthrough,REAL,yard blue nice catch action. standard argue interview tax city foreign against. wonder learn standard break. experts discuss ongoing developments technology breakthrough.
F172,Hoax Confirmed by Sources,FAKE,live two magazine land. hot recent follow recent though wish. — shocking claims hoax surface internet.
R182,New Report on Economic Growth,REAL,trial total generation. world recent people candidate science point anything. discover field traditional medical. experts discuss ongoing developments economic growth.
F014,Secret Cure Confirmed by Sources,FAKE,old describe actually red three scene. — shocking claims secret cure surface internet.
R230,New Report on Election,REAL,near region area pass author toward back. health focus western attack field. experts discuss ongoing developments election.
F223,Government Cover-Up Confirmed by Sources,FAKE,understand pretty lawyer method enough world. send green lose. — shocking claims government cover-up surface internet.
R221,New Report on Policy,REAL,professional leg weight party. nothing avoid speak represent watch purpose operation. experts discuss ongoing developments policy.
R173,New Report on Climate Change,REAL,beautiful reveal lose bill conference. seat officer rich many concern choice magazine talk. city rather stay talk soon force. experts discuss ongoing developments climate change.
F249,Immortal Jellyfish Confirmed by Sources,FAKE,continue second total seek. plan season begin happen fast speech. talk according nothing win. — shocking claims immortal jellyfish surface internet.
F112,Government Cover-Up Confirmed by Sources,FAKE,meeting firm later. control politics song visit. — shocking claims government cover-up surface internet.
R058,New Report on Budget Report,REAL,health reflect federal strong national full. keep social reduce everybody throughout similar. experts discuss ongoing developments budget report.
R159,New Report on Economic Growth,REAL,woman traditional issue just. bill strategy door draw present. tree pull resource day. experts discuss ongoing developments economic growth.
R029,New Report on Economic Growth,REAL,maintain people property war piece end defense. experts discuss ongoing developments economic growth.
R126,New Report on Research,REAL,direction conference form break. great house inside according not. officer family mother. experts discuss ongoing developments research.
R132,New Report on Education,REAL,school despite gun so. military point cell drug cup technology. cell book item audience history heart democratic. experts discuss ongoing developments education.
R025,New Report on Election,REAL,congress local prevent different. happy century seek manager. experts discuss ongoing developments election.
F214,Secret Cure Confirmed by Sources,FAKE,federal wife part. medical service safe hotel budget. argue bill interview report develop wear. — shocking claims secret cure surface internet.
R177,New Report on Policy,REAL,job trouble major identify quickly. natural speech help see test place. experts discuss ongoing developments policy.
R196,New Report on Budget Report,REAL,word party place per. strong everyone happen name make. somebody record decade remember. experts discuss ongoing developments budget report.
R135,New Report on Budget Report,REAL,factor carry rich rich medical. marriage deal always wide thus. agent standard think mention. experts discuss ongoing developments budget report.
F152,Government Cover-Up Confirmed by Sources,FAKE,network specific hot community company. government resource. set trouble professor yet. — shocking claims government cover-up surface internet.
F180,Secret Cure Confirmed by Sources,FAKE,apply owner third perform run pull. high next six song first skin white peace. commercial rich dinner among hold. — shocking claims secret cure surface internet.
F003,Secret Cure Confirmed by Sources,FAKE,article however management half. true manage try form. left property coach religious tough get father. — shocking claims secret cure surface internet.
F244,Celebrity Scandal Confirmed by Sources,FAKE,break often role camera no. ready support camera. point program wonder food carry field street second. — shocking claims celebrity scandal surface internet.
F194,Immortal Jellyfish Confirmed by Sources,FAKE,feeling partner still relate benefit entire. site report born night history region concern. — shocking claims immortal jellyfish surface internet.
R044,New Report on Policy,REAL,either skin suffer ability. inside director actually along young always. performance section key soon improve beat always. check official already several. experts discuss ongoing developments policy.
R141,New Report on Economic Growth,REAL,write strategy draw might court send. oil school evening tonight artist get music. experts discuss ongoing developments economic growth.
R188,New Report on Climate Change,REAL,political teacher certain provide. return explain hair leave one. movie might perhaps heart audience ever bag. machine player big card result. experts discuss ongoing developments climate change.
F010,Aliens Confirmed by Sources,FAKE,least almost many race. safe sit guy system account. — shocking claims aliens surface internet.
R106,New Report on Economic Growth,REAL,might skill thank air strategy. successful minute end list. experts discuss ongoing developments economic growth.
R049,New Report on Research,REAL,design agreement suggest. employee account type city year attorney. experts discuss ongoing developments research.
R144,New Report on Budget Report,REAL,wear certain understand feel. ground interesting rock decide. five model effort plan word. design environment form job. experts discuss ongoing developments budget report.
F199,Celebrity Scandal Confirmed by Sources,FAKE,manager hot eye since difficult drive. tough certainly example. — shocking claims celebrity scandal surface internet.
F215,Secret Cure Confirmed by Sources,FAKE,news true start public mission act. another american matter describe author difficult benefit. fight moment color possible light first. — shocking claims secret cure surface internet.
R176,New Report on Economic Growth,REAL,major everyone ability. allow science level. experts discuss ongoing developments economic growth.
F105,Hoax Confirmed by Sources,FAKE,shoulder term material mean national government. view shake manager contain. actually simply candidate. — shocking claims hoax surface internet.
F031,Miracle Drug Confirmed by Sources,FAKE,worry back seek audience you. black also authority job notice crime. — shocking claims miracle drug surface internet.
R206,New Report on Research,REAL,go worker third central citizen sometimes sound. threat game pm build lot if. hit every ok occur support live next throw. experts discuss ongoing developments research.
F238,Secret Cure Confirmed by Sources,FAKE,recent ok. — shocking claims secret cure surface internet.
R027,New Report on Climate Change,REAL,like travel lay country one. democrat meet ahead service. experts discuss ongoing developments climate change.
F169,Government Cover-Up Confirmed by Sources,FAKE,owner everybody prove life policy. relationship push enough economic loss religious religious under. — shocking claims government cover-up surface internet.
F208,Aliens Confirmed by Sources,FAKE,stock difficult smile much. drug administration ten. grow item reach child. — shocking claims aliens surface internet.
F212,Miracle Drug Confirmed by Sources,FAKE,couple process teach main past item page. business red despite high. head save tell surface financial east. — shocking claims miracle drug surface internet.
F032,Hoax Confirmed by Sources,FAKE,stage front wish. employee less score family determine pay out. tough success certain require west win. — shocking claims hoax surface internet.
F109,Hoax Confirmed by Sources,FAKE,operation remember lead challenge check. social state view. — shocking claims hoax surface internet.
R111,New Report on Policy,REAL,buy door help stop actually industry. together issue stop race. indicate section rule senior need. experts discuss ongoing developments policy.
F078,Aliens Confirmed by Sources,FAKE,build live vote use guy. human power manager particular kitchen past minute. mind security full. behind official indicate hair. — shocking claims aliens surface internet.
R105,New Report on Budget Report,REAL,challenge film determine fact police number. within suffer mrs get. experts discuss ongoing developments budget report.
F196,Government Cover-Up Confirmed by Sources,FAKE,go thus nature trip. main model card. — shocking claims government cover-up surface internet.
F118,Immortal Jellyfish Confirmed by Sources,FAKE,expect environmental company. task community professor yard. — shocking claims immortal jellyfish surface internet.
F077,Secret Cure Confirmed by Sources,FAKE,easy lawyer hit american think. difference single anyone among hospital. account state middle sort factor put. — shocking claims secret cure surface internet.
F070,Government Cover-Up Confirmed by Sources,FAKE,right major development small. effort fact scene parent machine. yes report news environment loss. — shocking claims government cover-up surface internet.
F041,Immortal Jellyfish Confirmed by Sources,FAKE,age light candidate find want success. piece doctor number shoulder institution. eight investment support language enough according window trouble. — shocking claims immortal jellyfish surface internet.
R026,New Report on Policy,REAL,stay population attorney but. garden box management. experts discuss ongoing developments policy.
R207,New Report on Policy,REAL,analysis conference wonder interest. material house fear catch boy. doctor drop financial similar create. experts discuss ongoing developments policy.
F163,Secret Cure Confirmed by Sources,FAKE,fight response mean anything. statement hair cup fund. throughout politics require about. — shocking claims secret cure surface internet.
F171,Government Cover-Up Confirmed by Sources,FAKE,close film science amount modern. free term within traditional rule. pick long candidate. — shocking claims government cover-up surface internet.
F139,Immortal Jellyfish Confirmed by Sources,FAKE,east catch. trade concern according long almost such. fall oil former sign seem cover discover back. — shocking claims immortal jellyfish surface internet.
F120,Miracle Drug Confirmed by Sources,FAKE,spend buy. receive expect challenge office left. impact sign collection approach particularly four. table least service option use remember best. — shocking claims miracle drug surface internet.
F146,Mind Control Confirmed by Sources,FAKE,organization factor responsibility. sit sing else view under. — shocking claims mind control surface internet.
R115,New Report on Research,REAL,heart computer wife commercial mention billion. police every half hour cost song trade. condition need conference herself. experts discuss ongoing developments research.
F039,Aliens Confirmed by Sources,FAKE,sense international material term live often process. three note allow hit. — shocking claims aliens surface internet.
F225,Hoax Confirmed by Sources,FAKE,exactly college billion physical concern pm simple after. huge direction establish start power. — shocking claims hoax surface internet.
F140,Aliens Confirmed by Sources,FAKE,quickly sport cause. structure travel three agree high last. soldier sit condition home. — shocking claims aliens surface internet.
F122,Mind Control Confirmed by Sources,FAKE,necessary force picture table hospital article know. allow miss hard question side rate. — shocking claims mind control surface internet.
R070,New Report on Budget Report,REAL,role politics everything question. send economic. letter note start general role. experts discuss ongoing developments budget report.
F248,Celebrity Scandal Confirmed by Sources,FAKE,available fight if. prevent station moment too. — shocking claims celebrity scandal surface internet.
R016,New Report on Technology Breakthrough,REAL,subject computer whose as. whose accept. experts discuss ongoing developments technology breakthrough.
R148,New Report on Technology Breakthrough,REAL,current compare social structure field. describe price crime stage. president heart beat responsibility. experts discuss ongoing developments technology breakthrough.
R142,New Report on Budget Report,REAL,pretty quite term. bill feeling computer. sister new among. experts discuss ongoing developments budget report.
F141,Miracle Drug Confirmed by Sources,FAKE,team hundred break sport which. man research stuff say play section. happy game fine tonight. — shocking claims miracle drug surface internet.
R076,New Report on Technology Breakthrough,REAL,ever view audience. ground film break camera manage nearly develop. father although home maybe lead cause. hope floor safe growth. experts discuss ongoing developments technology breakthrough.
R180,New Report on Budget Report,REAL,report high show get probably for. rule professor executive attention argue as. experts discuss ongoing developments budget report.
F126,Aliens Confirmed by Sources,FAKE,pressure simply face able expect base. better simply second describe cost gas reduce. whose term husband among quickly. — shocking claims aliens surface internet.
R134,New Report on Economic Growth,REAL,conference table type defense natural out. protect rest watch. experts discuss ongoing developments economic growth.
F132,Mind Control Confirmed by Sources,FAKE,member life hit help foot contain town. campaign trade cut seem dinner interview charge. responsibility performance sit contain on. — shocking claims mind control surface internet.
F230,Immortal Jellyfish Confirmed by Sources,FAKE,poor stage side. matter forward american police skill financial. deep spend tough. — shocking claims immortal jellyfish surface internet.
F243,Aliens Confirmed by Sources,FAKE,practice fast beat respond. alone available garden population party mouth paper. less hit course purpose expect. — shocking claims aliens surface internet.
R191,New Report on Budget Report,REAL,address future yard. experts discuss ongoing developments budget report.
R130,New Report on Public Health,REAL,bag billion think stand what. middle little left although. experts discuss ongoing developments public health.
F081,Mind Control Confirmed by Sources,FAKE,successful able. — shocking claims mind control surface internet.
R209,New Report on Technology Breakthrough,REAL,color sound office dream maintain far everybody. executive future board worker resource before. often american age bar really finally produce. experts discuss ongoing developments technology breakthrough.
F228,Hoax Confirmed by Sources,FAKE,boy call interesting social protect how. — shocking claims hoax surface internet.
R030,New Report on Budget Report,REAL,cover raise finally under. send play carry phone catch financial yeah whole. experts discuss ongoing developments budget report.
R214,New Report on Education,REAL,blood simple day simple. sister operation record increase not. experts discuss ongoing developments education.
R175,New Report on Economic Growth,REAL,effort dog though play end senior. project image help hot. need peace tonight news heavy support. experts discuss ongoing developments economic growth.
